Name;Nbre seq;Nbre paires;Perc bp
tRNA10;95;19;0.513513514
tRNA20;190;21;0.567567568
tRNA30;285;20;0.540540541
tRNA40;381;24;0.648648649
tRNA50;476;19;0.513513514
tRNA60;571;27;0.72972973
tRNA70;667;25;0.675675676
tRNA80;762;26;0.702702703
tRNA90;857;28;0.756756757
tRNA100;953;37;1
