Name;Nbre seq;Nbre paires;Perc bp
50A;356;26;0.866666667
50B;356;27;0.9
50C;356;20;0.666666667
50D;356;22;0.733333333
50E;356;18;0.6
50F;356;25;0.833333333
50G;356;19;0.633333333
50H;356;23;0.766666667
50I;356;30;1
50J;356;25;0.833333333
