Name;Nbre seq;Nbre paires;Perc bp
50A;476;27;0.931034483
50B;476;22;0.75862069
50C;476;26;0.896551724
50D;476;23;0.793103448
50E;476;24;0.827586207
50F;476;23;0.793103448
50G;476;29;1
50H;476;23;0.793103448
50I;476;28;0.965517241
50J;476;28;0.965517241
