Name;Nbre seq;Nbre paires;Perc bp
5S10;71;19;0.655172414
5S20;142;21;0.724137931
5S30;213;23;0.793103448
5S40;284;21;0.724137931
5S50;356;26;0.896551724
5S60;427;21;0.724137931
5S70;498;27;0.931034483
5S80;569;23;0.793103448
5S90;640;26;0.896551724
5S100;712;29;1
