Name;Nbre seq;Nbre paires;Perc bp
Glut 10;94;7;0.636363636
Glut 20;188;5;0.454545455
Glut 30;281;8;0.727272727
Glut 40;376;8;0.727272727
Glut 50;470;7;0.636363636
Glut 60;563;8;0.727272727
Glut 70;657;8;0.727272727
Glut 80;752;7;0.636363636
Glut 90;845;8;0.727272727
Glut 100;940;11;1
